nl_rhasspy_1|een kat hoort immers te miauwen en niet te praten
nl_rhasspy_10|na enkele uren was ik goed moe
nl_rhasspy_100|voor tijdens en na een aankoop
nl_rhasspy_1000|al voelde ik mezelf niet zo oud
nl_rhasspy_1001|ze zijn gewoon eetbaar
nl_rhasspy_1002|de hond is ook welkom we hebben ervaring met asielhonden
nl_rhasspy_1003|vaak wordt brandschilderen gecombineerd met glas in lood
nl_rhasspy_1004|en dan nog een zeer klein katje
nl_rhasspy_1005|niet super best aardig
nl_rhasspy_1006|daar ligt de sleutel
nl_rhasspy_1007|dit is er weer zo één zonder fietsverlichting
nl_rhasspy_1008|zorg dat je huis er netjes bij staat
nl_rhasspy_1009|het leven van een student is niet eenvoudig
nl_rhasspy_101|de tekst van de verklaring moet dan worden aangepast
nl_rhasspy_1010|wie o wie gaat er winnen en welke weg gaan ze nemen
nl_rhasspy_1011|toch wil je niet te veel andere mensen na-apen
nl_rhasspy_1012|of verdwalen we in de configuratie
nl_rhasspy_1013|doe ook altijd aangifte bij de politie
nl_rhasspy_1014|zo ja bij wie en graag toelichten
nl_rhasspy_1015|ga jij de uitdaging aan
nl_rhasspy_1016|de zee is vrij van kwallen
nl_rhasspy_1017|moe zijn van je eigen onvermogen om de slaap te vatten
nl_rhasspy_1018|bang om een blauwtje te lopen
nl_rhasspy_1019|giet af en laat afkoelen
nl_rhasspy_102|schep de ui over in een kom en laat afkoelen
nl_rhasspy_1020|meer contactinformatie
nl_rhasspy_1021|net na de kerstdagen viel er nog een kerstkaartje binnen
nl_rhasspy_1022|leuk om te zien hoe men leeft
nl_rhasspy_1023|ook het gebruik van een viool deed de band opvallen
nl_rhasspy_1024|dit van rood naar blauw en weer naar rood
nl_rhasspy_1025|de duisternis hield drie uur aan
nl_rhasspy_1026|dus ga voor goud en win
nl_rhasspy_1027|wil je werken bij blauw amsterdam
nl_rhasspy_1028|iedereen zit binnen en jij loopt door die regen
nl_rhasspy_1029|hoe sta je er sowieso op dit moment in
nl_rhasspy_103|dat is namelijk normaal tijdens een hypo
nl_rhasspy_1030|van welk deel ben je dan nog niet helemaal tevreden
nl_rhasspy_1031|wat kun je jezelf toch in de maling nemen
nl_rhasspy_1033|doe je mee procrastineren is niet moeilijk
nl_rhasspy_1034|maar ze is ook journaliste
nl_rhasspy_1035|hij schreef de toespraak voor de geus
nl_rhasspy_1036|wel had de dood van vele vrienden hem hevig aangegrepen
nl_rhasspy_1037|het is vrij eenvoudig om te spelen
nl_rhasspy_1038|gemakkelijk om te maken niet duur en vooral heel erg lekker
nl_rhasspy_1039|neem een ervaren gids mee op uw reis
nl_rhasspy_104|er was dus een oerknal
nl_rhasspy_1040|zo wordt het een project van de school gedragen door de school
nl_rhasspy_1041|die kan verdwijnen maar als het niet goed leeg is vult het zich opnieuw
nl_rhasspy_1042|hier wordt van alles verkocht
nl_rhasspy_1043|het huis is vrij open en zeer schoon
nl_rhasspy_1044|verder goed hotel mooi zwembad en vriendelijk
nl_rhasspy_1045|nu wist echter de hele buurt het
nl_rhasspy_1046|wie oren heeft die hore
nl_rhasspy_1047|dat heeft jezus helemaal niet geleerd
nl_rhasspy_1048|ga ook zelf op zoek
nl_rhasspy_1049|op naar een echt sociaal en sterk nederland
nl_rhasspy_105|de dame van de bar vroeg vijf euro
nl_rhasspy_1050|ik heb het engels van de kinderen geleerd
nl_rhasspy_1051|daar haal je het aan ja
nl_rhasspy_1052|vrij sporten is ook toegestaan
nl_rhasspy_1053|zo ook deze keer weer speciaal
nl_rhasspy_1054|adem in adem uit
nl_rhasspy_1055|dat doe je tenslotte ook in een gesprek met je vrienden
nl_rhasspy_1056|inderdaad buiten de woonkern
nl_rhasspy_1057|dit heet de menopauze of overgang
nl_rhasspy_1058|kom en stap met ons op
nl_rhasspy_1059|pas als alles geautomatiseerd in bestelling is gezet moet u aan het werk
nl_rhasspy_106|hierin zijn wij dé specialist
nl_rhasspy_1060|kinderen en jeugdigen
nl_rhasspy_1061|vroeger wist ik nooit wanneer mijn hypo's kwamen
nl_rhasspy_1062|om heel voorzichtig en met liefde en respect uit te pakken
nl_rhasspy_1063|eten doe ik ook al niet en heb ook gewoon geen honger
nl_rhasspy_1064|het is dan veel werk om dit schoon te houden
nl_rhasspy_1065|op de ene kant staat een vraag of aanwijzing op de andere kant het antwoord
nl_rhasspy_1066|die nacht sliep jezus niet
nl_rhasspy_1067|maar er stond hen een teleurstelling te wachten
nl_rhasspy_1068|mijn koninkrijk is niet van deze wereld
nl_rhasspy_1069|wie of wat zijn we eigenlijk
nl_rhasspy_107|lady gaga weet er alles van
nl_rhasspy_1070|deze werkvorm gaat over hoe deze wetten gemaakt worden
nl_rhasspy_1071|in de nederlandse wet staat dat bijvoorbeeld kopiëren van media is toegestaan
nl_rhasspy_1072|wie o wie
nl_rhasspy_1073|dé plek om een tweedehands boot te verkopen
nl_rhasspy_1074|gebruik van een neologisme
nl_rhasspy_1075|maar het is nu zo urgent
nl_rhasspy_1076|maar zo heb ik het geleerd
nl_rhasspy_1077|maar is ie er ook in het echt
nl_rhasspy_1078|na overspel heb je een vreemde in huis
nl_rhasspy_1079|rijkdom en weelde
nl_rhasspy_108|er komt geen nieuwe functionaliteit beschikbaar
nl_rhasspy_1080|moe geworden van het wandelen
nl_rhasspy_1081|laat hem vervolgens een uur afkoelen in de oven
nl_rhasspy_1082|wij kopen ook auto's in
nl_rhasspy_1083|commercieel gebruik van deze gegevens is niet toegestaan
nl_rhasspy_1084|zolang we rijden kan me niets gebeuren
nl_rhasspy_1085|heel handig en representatief als u als bedrijf dat kan aantonen
nl_rhasspy_1086|tot dit seizoen
nl_rhasspy_1087|wie o wie kan mij helpen met mijn spierpijn
nl_rhasspy_1088|ah nu zie ik het
nl_rhasspy_1089|meer informatie over het huren van een fiets vind je op de pagina fietsverhuur amsterdam
nl_rhasspy_109|de katten miauwen en lopen om ons heen
nl_rhasspy_1090|doe vooral aangifte
nl_rhasspy_1091|u mag ze zelf vullen
nl_rhasspy_1092|deze zal een maand na afloop worden geïncasseerd
nl_rhasspy_1093|maar goed het had zo moeten zijn
nl_rhasspy_1094|ga toch fietsen
nl_rhasspy_1095|zij zijn van mening dat er hier discriminatie in het spel is
nl_rhasspy_1096|of ja eigenlijk alles wel haha
nl_rhasspy_1097|wauw fantastisch weer
nl_rhasspy_1098|deze zijn immers gericht op het verzamelen van controle en macht
nl_rhasspy_1099|er staat nogal wat op het spel
nl_rhasspy_110|of is die cacao dan niet bio
nl_rhasspy_1100|ja zeggen maar nee doen
nl_rhasspy_1101|van de blauwe stof maakte ik een jurk
nl_rhasspy_1102|en dan druk ik me nog vrij eufemistisch uit
nl_rhasspy_1103|de basis is het document
nl_rhasspy_1104|meer nog het is een misdaad tegen het leven
nl_rhasspy_1105|even wachten tot het droog weer is want de speurtocht is buiten
nl_rhasspy_1106|ik was moe
nl_rhasspy_1107|laat de soep afkoelen
nl_rhasspy_1108|vandaag stond de speurtocht op het programma
nl_rhasspy_1109|ze droeg het zo goed
nl_rhasspy_111|laat de siroop wat afkoelen
nl_rhasspy_1110|de dader is een man uit bangladesh die al enkele jaren in amerika woont
nl_rhasspy_1111|alles wat eetbaar is is dan te pakken
nl_rhasspy_1112|en of het antwoord niet bij meer europa ligt
nl_rhasspy_1113|dit heet in verzekering stellen
nl_rhasspy_1114|niet veel minder dan in het dorp ede zelf
nl_rhasspy_1115|wij gaan graag het gesprek met je aan
nl_rhasspy_1116|hij is echt koning
nl_rhasspy_1117|wat is de overgang eigenlijk
nl_rhasspy_1118|basisschool de duif daar kom je verder mee
nl_rhasspy_1119|wie is de koning van de anglicaanse kerk
nl_rhasspy_112|dat wordt zeer op prijs gesteld
nl_rhasspy_1120|hoe lichter je bagage des te meer je mee kunt nemen
nl_rhasspy_1121|zo dichtbij mocht het komen voor god
nl_rhasspy_1122|ik wil een huisdier waarom geen struisvogel
nl_rhasspy_1123|u kunt deze week van maandag tot en met zaterdag hier terecht
nl_rhasspy_1124|het was zo mooi zo prachtig
nl_rhasspy_1125|zo is hij altijd bij de tijd
nl_rhasspy_1126|wat is een boek je op zeker moment waard
nl_rhasspy_1127|nee we dachten van niet
nl_rhasspy_1128|waarom kun je
nl_rhasspy_1129|mijn kind is zo anders dan ik toen ik zo oud was
nl_rhasspy_113|vind jij jezelf te dik of vind jij jezelf te dun
nl_rhasspy_1130|ook zonder over te hevelen vindt er een nagisting plaats
nl_rhasspy_1131|dan zit je op de goede pagina
nl_rhasspy_1132|hij maakt vrienden en is sociaal
nl_rhasspy_1133|volg jij mij al
nl_rhasspy_1134|een verbluffend lekker glas
nl_rhasspy_1135|lekker als tussendoortje maar ook handig om mee te nemen naar je werk
nl_rhasspy_1136|waar is die dokter als je hem nodig hebt
nl_rhasspy_1137|dan ziet jan de fles staan en wijst deze aan
nl_rhasspy_1138|ja je leest het goed een grizzlybeer
nl_rhasspy_1139|lees de twee verslagen hier
nl_rhasspy_114|doen ze het niet uit luiheid
nl_rhasspy_1140|hoezo volgende week is het kerstmis
nl_rhasspy_1141|vraag hier om meer informatie
nl_rhasspy_1142|slank en lang heeft geen gang zei ze
nl_rhasspy_1143|kinderen zien het nut er niet van in en vinden het saai
nl_rhasspy_1144|u kunt de verzekering in één keer afsluiten voor het hele gezin
nl_rhasspy_1145|en weer trekken we het bos in
nl_rhasspy_1146|kunnen we daar op proosten ja
nl_rhasspy_1147|wat zal hij lekker slapen
nl_rhasspy_1148|niet ieder bedrijf is sociaal
nl_rhasspy_1149|wat vliegt de tijd toch
nl_rhasspy_115|grappig man in het deens
nl_rhasspy_1150|ideaal voor wie eens zonder kinderen op vakantie wil
nl_rhasspy_1151|ja vind je het gek dat je honger hebt
nl_rhasspy_1152|maar je bent te lui om over te stappen
nl_rhasspy_1153|vanaf morgen hebt u ze in huis
nl_rhasspy_1154|gij zegt het ik heb u lief heer
nl_rhasspy_1155|eigendom mag van de commissie
nl_rhasspy_1156|wat is de configuratie
nl_rhasspy_1157|wellicht komen we het nooit te weten maar bijzonder blijft het wel
nl_rhasspy_1158|ja en niet een paar ook
nl_rhasspy_1159|hij kiest zelf uit wanneer en vooral voor wie
nl_rhasspy_116|meestal zegt mijn geest dat ik moe ben
nl_rhasspy_1160|de tenen zijn niet mooi roze
nl_rhasspy_1161|een feest voor wie iets te vieren heeft
nl_rhasspy_1162|nu weet ik hoe het ook kan
nl_rhasspy_1163|maar er zou nog zo veel meer mogelijk moeten zijn
nl_rhasspy_1164|zit daar je grootvader tussen
nl_rhasspy_1165|goed laten afkoelen
nl_rhasspy_1166|zover gaat de overeenkomst niet
nl_rhasspy_1167|kunnen kinderen de hemel naar de aarde brengen
nl_rhasspy_1168|gooi oud brood niet weg
nl_rhasspy_1169|voor hen is het seminar echter niet verplicht
nl_rhasspy_117|laat bo niet in de kou staan
nl_rhasspy_118|de schoen is geschikt voor bergwandelingen en grof terrein
nl_rhasspy_119|een splinter is een lelijk ding
nl_rhasspy_12|dat zou ik niet zoeken
nl_rhasspy_120|de eerste keer hardlopen kan ik mij nog goed herinneren
nl_rhasspy_121|dit werk heeft hij eind jaren tachtig gemaakt
nl_rhasspy_122|de loonkost in belgië ligt hoog
nl_rhasspy_123|ieder draagt zijn eigen bagage
nl_rhasspy_124|ze bieden ook thee en koffie
nl_rhasspy_125|de geschiedenis van uw bedrijf is de ziel van uw bedrijf
nl_rhasspy_126|zo oud ben ik dus ik heb al een kleinkind
nl_rhasspy_127|ik ben het daar niet mee eens
nl_rhasspy_128|niet meer kopen is goed voor het milieu en economie
nl_rhasspy_129|je lichaam heeft zuurstof nodig
nl_rhasspy_13|dan komt dat veen aan de rand van de geul bloot
nl_rhasspy_130|zelfs de mens jezus niet
nl_rhasspy_131|ik geloof dat ik eindelijk in de overgang ben
nl_rhasspy_132|kijk uw bestelling goed na
nl_rhasspy_133|in dit gesprek bespreken wij uw wensen
nl_rhasspy_134|laat mij uw stem horen
nl_rhasspy_135|het milieu is elegant mooi en schoon
nl_rhasspy_136|ze is gepassioneerd door verhalen
nl_rhasspy_137|bijvoorbeeld van toen ze nog een tienermeisje was
nl_rhasspy_138|dan kunt u zich aanmelden via de pagina aanmelden
nl_rhasspy_139|carpoolen is goed voor het milieu je portemonnee en de gezelligheid
nl_rhasspy_14|en hoe oud kan een goudvis worden
nl_rhasspy_140|tot ik dan dat vreemde kaasje zag liggen
nl_rhasspy_141|ik ben roos en negen jaar
nl_rhasspy_142|moet ik me nu echt slecht voelen
nl_rhasspy_143|het is een weekdag vandaag
nl_rhasspy_144|je kunt er uren naar kijken
nl_rhasspy_145|kwalitatief netjes afwerking netjes geen kritiek hier
nl_rhasspy_146|ik rouw er niet om
nl_rhasspy_148|deze kleuren kunnen per meter worden aangepast via de configuratie
nl_rhasspy_149|hoe ontstaat pijn tijdens de bevalling
nl_rhasspy_15|op deze overeenkomst is nederlands recht van toepassing
nl_rhasspy_150|daar lieten wij erg veel steken vallen
nl_rhasspy_151|we zouden minder moeten betalen en dat zou aangepast worden
nl_rhasspy_152|zou best kunnen denk ik
nl_rhasspy_153|gênant dat kan ik je zeggen
nl_rhasspy_154|speelt het milieu een rol
nl_rhasspy_155|ik kan het alleen maar beamen
nl_rhasspy_157|heeft een van beiden een hartaandoening of last van astma
nl_rhasspy_158|eindelijk die winterkleding uit
nl_rhasspy_159|je hoeft niet zo nerveus te zijn joh
nl_rhasspy_16|je kan niet naar het spreekuur komen
nl_rhasspy_160|bovendien heb je aandacht voor kwaliteit veiligheid en milieu
nl_rhasspy_161|maar dat gevoel blijft tot nu toe uit
nl_rhasspy_162|hoe erg zal die zijn
nl_rhasspy_165|zijn ze lekker moe als ze naar bed moeten
nl_rhasspy_167|ben je man vrouw oud jong
nl_rhasspy_168|meldt u zich dan nu aan
nl_rhasspy_169|ze zien de bui al hangen
nl_rhasspy_17|dit kost u niets en verplicht u tot niets
nl_rhasspy_170|wat vind jij van deze ringetjes
nl_rhasspy_171|waar zijn dan uw goden die gij u gemaakt hebt
nl_rhasspy_172|er wordt taugé van gemaakt
nl_rhasspy_173|ik heb liever dat je eerlijk bent over mij
nl_rhasspy_174|al gauw ontmoet ze allerlei mensen die haar voor een jongen aanzien
nl_rhasspy_175|ik was bijvoorbeeld moe aan het einde van de dag
nl_rhasspy_177|dan zit je op deze pagina helemaal goed
nl_rhasspy_178|hé ik heb iets gevonden
nl_rhasspy_179|mensen die er komen om zich religieus te laten vermaken
nl_rhasspy_18|rietje erin en genieten maar
nl_rhasspy_180|geef daarbij aan op welke datum je aanwezig bent
nl_rhasspy_181|je data is altijd beschikbaar en actueel
nl_rhasspy_182|de voering is gemaakt van textiel
nl_rhasspy_183|denk er heel goed over na voor je die eerste kras maakt
nl_rhasspy_184|ik heb me altijd geuit zoals ik ben
nl_rhasspy_185|dan ben jij dé nieuwe collega die wij zoeken
nl_rhasspy_186|maar wie eet er pindakaas op straat
nl_rhasspy_187|dit is op loopafstand van station alkmaar
nl_rhasspy_188|best een gek idee eigenlijk
nl_rhasspy_189|er komt een bui aan
nl_rhasspy_19|af en toe lekker lui is gezond
nl_rhasspy_190|mooi dat je deze hebt geschreven
nl_rhasspy_191|dat had in hoofdzaak twee oorzaken
nl_rhasspy_192|de blaadjes hangen stil aan de bomen
nl_rhasspy_193|welke bestemming past bij wie
nl_rhasspy_194|ik zou geen stap terug doen
nl_rhasspy_195|zwammen komen ook gemakkelijk onder de vloer
nl_rhasspy_196|differentiëren komt ook aan bod
nl_rhasspy_197|eeuwig leven is een eeuwige straf
nl_rhasspy_198|de data vul je zelf in
nl_rhasspy_199|waarmee u dus niet vanaf nul hoeft te beginnen
nl_rhasspy_2|in andere straten is deze naam niet te vinden
nl_rhasspy_20|conciërge moet een saaie baan zijn
nl_rhasspy_200|wielrennen hardlopen of wandelen is hun hobby
nl_rhasspy_201|ik mag plaatsnemen in de stoel
nl_rhasspy_202|specialist in creëren en renoveren
nl_rhasspy_203|ik open mijn ogen en zucht
nl_rhasspy_204|gemiddeld is augustus de warmste maand
nl_rhasspy_205|dat is eigenlijk dubbel op
nl_rhasspy_206|nee zegt de andere helft
nl_rhasspy_207|en lou is gek op bob
nl_rhasspy_208|omdat wij veel via e-mail doen
nl_rhasspy_209|en ik ben ook journaliste
nl_rhasspy_21|hoe lang kun jij overleven
nl_rhasspy_210|er komt een tsunami van data over ons heen
nl_rhasspy_211|dit is altijd na overleg
nl_rhasspy_212|dit staat in de wet gebruik burgerservicenummer in de zorg
nl_rhasspy_213|waarom moet ik mij nu opnieuw aanmelden
nl_rhasspy_214|dagelijks is er kans op buien
nl_rhasspy_215|daar zijn ze nog lang niet van mij af
nl_rhasspy_216|de zoon heeft een andere voorkeur dan mama
nl_rhasspy_217|het water loopt mij bijna uit mijn mond
nl_rhasspy_218|ede is partner binnen dit project
nl_rhasspy_219|zou u die aan mij willen mailen
nl_rhasspy_22|je broer blijft je broer
nl_rhasspy_220|dus eind goed al goed
nl_rhasspy_221|hoe alles geworden is is echt fantastisch
nl_rhasspy_222|u zit in een lastig parket
nl_rhasspy_223|kunt u over hen oordelen
nl_rhasspy_224|van de ene oever naar de andere is op loopafstand
nl_rhasspy_225|je bent gewoon te lui om te werken
nl_rhasspy_226|en dit werkt verbluffend goed
nl_rhasspy_227|vriendelijk van begin tot eind
nl_rhasspy_228|maar waarom zou die chinees geen gelijk hebben
nl_rhasspy_229|ze kunnen niet voor u eten
nl_rhasspy_230|op wie stap je af
nl_rhasspy_231|voor aanvullende informatie over de toegankelijkheid zie onze website
nl_rhasspy_232|hij sloot zijn ogen bijna automatisch
nl_rhasspy_233|de kat ligt in een fauteuil rustig te slapen
nl_rhasspy_234|maar steeds komt de melding
nl_rhasspy_235|je moeder dus niet die vrouw
nl_rhasspy_236|want ik weet dat roger veel verhalen heeft
nl_rhasspy_237|hele foute verhalen over jezelf gesignaleerd
nl_rhasspy_238|ik had er voor de eerste pauze geen last van
nl_rhasspy_239|vraag dit zeker na bij je reisagent
nl_rhasspy_24|stuur dan nu je project in
nl_rhasspy_240|dan buig ik me over je heen
nl_rhasspy_241|ik zie er moe uit
nl_rhasspy_242|meld je snel aan voor een woensdag zaterdag of zondag in november
nl_rhasspy_243|het zou kunnen dat hij speelt
nl_rhasspy_244|daar kun jij je bijdrage aan leveren
nl_rhasspy_245|dit kind is moe en behoorlijk moe ook
nl_rhasspy_246|welk eten is goed voor mij en mijn kind
nl_rhasspy_247|aan deze pagina wordt nog gewerkt
nl_rhasspy_248|het blad is langwerpig van vorm en is getand
nl_rhasspy_249|welk wapen is daar tegen bestand
nl_rhasspy_25|de vraag stellen is ze beantwoorden
nl_rhasspy_250|zou dit dilemma ooit weggaan
nl_rhasspy_251|en die spreken tot de verbeelding
nl_rhasspy_252|elk jaar kwamen er meer bij en elk jaar namen de lasten toe
nl_rhasspy_253|dat is nog steeds lager dan die van alle omringende staten
nl_rhasspy_254|moet uw dak vervangen worden
nl_rhasspy_255|zijn ze bewust doof voor wat er aan de basis leeft
nl_rhasspy_256|je ziet ineens een kassa opengaan
nl_rhasspy_257|dit was er zo een uit taiwan
nl_rhasspy_258|vuurwerk kan bij dieren voor veel spanning zorgen
nl_rhasspy_259|komt laten wij aanbidden komt laten wij aanbidden
nl_rhasspy_26|jij bent de baas ik doe wat je zegt
nl_rhasspy_260|het geeft een aangenaam gevoel van gladheid
nl_rhasspy_261|voor iedere aannemer is de behoefte anders
nl_rhasspy_262|wees eens eerlijk tof is die hè
nl_rhasspy_263|denkt u eraan uw eigendom te verkopen
nl_rhasspy_264|en ja u bent er pas net
nl_rhasspy_265|de mensen van wie de oren gewassen worden
nl_rhasspy_266|een mooi eiland om over te wandelen
nl_rhasspy_267|zie ierland griekenland en portugal
nl_rhasspy_268|u hebt nu het eeuwig leven
nl_rhasspy_269|jezus is gekwetst en laat dat zien
nl_rhasspy_27|via kirgizië kwamen wij oezbekistan binnen
nl_rhasspy_270|sla dan nu uw slag
nl_rhasspy_271|en congo heet nog zaïre
nl_rhasspy_272|dus nee ook dat werkt niet
nl_rhasspy_273|ik kijk mijn vriendin met grote ogen aan
nl_rhasspy_274|ja één keer en dan niet meer
nl_rhasspy_275|de tekst zou antisemitisch zijn
nl_rhasspy_276|dat mag je jezelf kwalijk nemen
nl_rhasspy_277|welk advies zou jij geven
nl_rhasspy_278|elk eigendom zijn uniek verhaal
nl_rhasspy_279|tegelijk werd de naam van de club aangepast
nl_rhasspy_28|je kunt ook erg moe zijn ja zelfs afgepeigerd
nl_rhasspy_280|ze zijn buiten de boot gevallen
nl_rhasspy_281|nee je kunt niets kopiëren
nl_rhasspy_282|bestel de maat die uw kind in zijn kleding heeft
nl_rhasspy_283|dit keer was die afgesloten
nl_rhasspy_284|dat zou fantastisch zijn toch
nl_rhasspy_285|de dikke van dam maakt er zelfs geen melding van
nl_rhasspy_286|een hard of zacht gekookt eitje
nl_rhasspy_287|hoe openen omzetten en converteren
nl_rhasspy_288|en dat doen ze nogal gretig
nl_rhasspy_289|wonen zuid is er voor alle mensen
nl_rhasspy_290|dat je er slecht van zou gaan zien
nl_rhasspy_291|advent is de tijd van kerstliedjes
nl_rhasspy_292|en geeft me ook niet echt het wauw-effect
nl_rhasspy_293|daar was ze te zenuwachtig voor
nl_rhasspy_294|je bent hier primair verantwoordelijk voor
nl_rhasspy_295|en dat voor een schijntje
nl_rhasspy_296|ze willen ook controle over de stroom
nl_rhasspy_297|niet dit hier hè wat je hier leest
nl_rhasspy_298|je zoekt een toffe job
nl_rhasspy_299|eigenlijk had ik meer verwacht van dit boek
nl_rhasspy_3|ik hoop dat mijn pagina u helpt
nl_rhasspy_30|ik zou de andere zeker niet enorm duur noemen
nl_rhasspy_300|je bent te moe of te druk
nl_rhasspy_301|karen en steven kenden elkaar goed
nl_rhasspy_302|het is gemakkelijk te bereiken
nl_rhasspy_303|is dat niet een lief gebaar
nl_rhasspy_304|nee uitslapen zat er zeker niet in
nl_rhasspy_305|je kunt bijvoorbeeld prachtig wandelen in zwitserland of oostenrijk
nl_rhasspy_306|je vindt er veel flora en fauna
nl_rhasspy_308|laat jij iets van je horen wanneer je in maastricht bent
nl_rhasspy_309|ik pas het met liefde opnieuw voor jullie aan
nl_rhasspy_31|onze eigen geest alleen kan dit soort kennis niet kennen
nl_rhasspy_310|zijn humeur leed er niet onder
nl_rhasspy_311|dat ze in hun geloof houvast vinden
nl_rhasspy_312|we zaten schijnbaar net aan de rand van de bui
nl_rhasspy_313|word de aartsvijand van onze vrienden
nl_rhasspy_314|meneer giraf is daar perfect voor
nl_rhasspy_316|je loopt op de wc af
nl_rhasspy_317|kogelrond zullen ze niet worden
nl_rhasspy_318|bent u flexibel met reizen
nl_rhasspy_32|of sluit deze melding
nl_rhasspy_320|de vele aaitjes vond ze prachtig
nl_rhasspy_321|de kreupele koe loopt trouwens nog steeds erg zielig rond
nl_rhasspy_322|bibliotheek van de universiteit van amsterdam
nl_rhasspy_323|je geeft ze bagage mee voor hun hele leven
nl_rhasspy_324|zorgen dat jij lekker in je vel zit
nl_rhasspy_325|laat het reizen aan uw gevoel over
nl_rhasspy_326|nee antwoord ik ik wil alleen slapen
nl_rhasspy_327|volgens mij rook ik de wasverzachter
nl_rhasspy_328|mag ik je e-mail hebben
nl_rhasspy_329|voor mij de job van mijn leven
nl_rhasspy_33|waarom zou je het doen
nl_rhasspy_330|immers zonder code kunt u de kist met prijs niet openen
nl_rhasspy_331|ideaal voor mama en kind
nl_rhasspy_332|deze kunnen wij uit voorraad leveren
nl_rhasspy_333|zeker lekker om mee onder de douche te nemen
nl_rhasspy_334|we doen de poort dicht
nl_rhasspy_335|de muur hielp niet in berlijn
nl_rhasspy_336|dan is de giraf iets voor u
nl_rhasspy_337|ze zijn niet echt schuw
nl_rhasspy_338|je kunt theoretisch gezien in iedere auto lesgeven
nl_rhasspy_339|joke is inmiddels dan bij ons komen zitten
nl_rhasspy_34|en nu is er een eerste pagina een begin
nl_rhasspy_340|ik help u dit doel te bereiken
nl_rhasspy_341|dat is iets dat hij uit idealisme doet
nl_rhasspy_343|de eerste plek vindt die ijdeltuit prachtig
nl_rhasspy_344|het paneel geeft prachtig egaal licht
nl_rhasspy_345|dat ziet er mooi uit
nl_rhasspy_346|groeten aan u en uw familie
nl_rhasspy_347|het ziet er prachtig uit
nl_rhasspy_348|veel liever maak ik zelf klei
nl_rhasspy_349|genezing is dan niet meer mogelijk
nl_rhasspy_35|dat maakt zingen in een koor zo uniek
nl_rhasspy_350|op te halen vanaf eind deze maand en begin volgende maand
nl_rhasspy_351|maar hoe eerlijk is die vergelijking
nl_rhasspy_352|je hebt van die mensen die eeuwig jong blijven
nl_rhasspy_353|de foto's aan de muur
nl_rhasspy_354|mama zegt je dat dat was romy
nl_rhasspy_355|laat ze in de vorm afkoelen
nl_rhasspy_356|in deze opdracht maken we de volgende vereenvoudigingen
nl_rhasspy_357|gemakkelijk te installeren en te configureren
nl_rhasspy_358|dus ben jij aan zet
nl_rhasspy_359|oei oei oei mooi plan
nl_rhasspy_36|ieder kind vinden wij uniek
nl_rhasspy_361|maar dan moet die data er wel zijn
nl_rhasspy_362|het zou een concept kunnen zijn
nl_rhasspy_363|zoek de vrouw uit de hoofdstad van afghanistan
nl_rhasspy_364|die uitslag staat al vast
nl_rhasspy_366|wij hebben hier geen invloed op
nl_rhasspy_367|dat zou pas tien jaar later gebeuren
nl_rhasspy_368|de kleuren kunnen wij u tonen in de winkel
nl_rhasspy_369|wie ontmoet ziet en hoort u
nl_rhasspy_37|de afsluitdijk is bijna klaar
nl_rhasspy_370|er zit ook een tjiftjaf tussen schaars deze dagen
nl_rhasspy_371|je kunt niet alles onder controle hebben
nl_rhasspy_372|hierdoor weet je niet altijd wat er aan de hand is in europa
nl_rhasspy_373|ik kan hier nog uren over doorgaan
nl_rhasspy_374|dat zijn vast de nieuwe buren dacht ik
nl_rhasspy_375|dit laatste is eigenlijk sterk misleidend
nl_rhasspy_376|zij die oren hebben horen
nl_rhasspy_377|moet ik mij grote zorgen maken
nl_rhasspy_378|voor je het weet ben je oud
nl_rhasspy_379|sluit jezus niet op in de hemel
nl_rhasspy_38|verder mag ik graag fietsen
nl_rhasspy_380|leuk voor jong en oud
nl_rhasspy_381|je zou er bijna over kijken
nl_rhasspy_382|dus ja eigenlijk al best lang
nl_rhasspy_383|bij gemeenten werkt dat anders
nl_rhasspy_384|je kunt onder de vloer die ligt open
nl_rhasspy_385|en dit is eigenlijk alleen een mooi fietspad
nl_rhasspy_386|hoort thuis in elk voertuig
nl_rhasspy_387|je kan aangifte doen bij politie of parket
nl_rhasspy_388|en toch leg ik mijn functie niet neer
nl_rhasspy_389|hoe hoog is de vergoeding
nl_rhasspy_39|die is dan eigenlijk baas onder de baas
nl_rhasspy_390|ook deze dakbedekking is erg duurzaam
nl_rhasspy_391|laat ze vervolgens helemaal afkoelen
nl_rhasspy_392|europa heeft nieuwe verhalen nodig
nl_rhasspy_393|en waarom zou het gebeuren
nl_rhasspy_394|hoe heeft hij eigenlijk kunnen leven
nl_rhasspy_395|dat is de aard van het vak
nl_rhasspy_396|lokaal ontstaat een licht buitje
nl_rhasspy_397|dan mis je net de golf
nl_rhasspy_398|café sjiek biedt je veel meer
nl_rhasspy_399|nee hoor niets van dat alles
nl_rhasspy_4|nee joh die van mij niet
nl_rhasspy_40|het plan ontmoet bijna unaniem kritiek
nl_rhasspy_400|nu is je portemonnee al bijna klaar
nl_rhasspy_401|wij wachten op uw antwoord
nl_rhasspy_402|dat ziet er altijd wel leuk uit
nl_rhasspy_403|in dreumel waren het er erg veel
nl_rhasspy_404|nee nee het ziet er echt tof uit
nl_rhasspy_405|daar hebben ze europa niet voor nodig
nl_rhasspy_406|immers de liefde zou leuk en spannend zijn
nl_rhasspy_407|geef eerlijk antwoord op deze vragen
nl_rhasspy_408|ik zal naast u zitten
nl_rhasspy_409|college voor brood en banket
nl_rhasspy_41|kinderen moe jijzelf moe partner moe
nl_rhasspy_410|van mijn mama en mij
nl_rhasspy_411|de foto ziet er goed uit
nl_rhasspy_412|hoe kwam hij ooit van de reu af
nl_rhasspy_413|zolang focus leeft kan het immers altijd beter
nl_rhasspy_414|hebben die lui er nog zin in
nl_rhasspy_415|iedere dag buffet is ons veel te veel
nl_rhasspy_416|kunt u uw auto eigenlijk niet missen
nl_rhasspy_417|dat kan u ook overkomen
nl_rhasspy_418|zorgen over het milieu heeft hij niet
nl_rhasspy_419|de oorzaak moet ik nog bekijken
nl_rhasspy_42|nu bent u aan zet
nl_rhasspy_420|maar dat is pas eind december
nl_rhasspy_421|door zijn vorm is deze asbak zeer stabiel
nl_rhasspy_422|de overheid zou die sanering moeten oppakken
nl_rhasspy_423|het is verfoeilijk dat staat vast
nl_rhasspy_424|hierin fruit je de ui op een niet te hoog vuur
nl_rhasspy_425|het is niet alleen van de patiënt
nl_rhasspy_426|aan de ene kant is dit wel dé manier om dieren te zien
nl_rhasspy_427|een sauna en fietsverhuur zijn beschikbaar
nl_rhasspy_428|uiteindelijk valt u in slaap
nl_rhasspy_429|leven in het veen is niet gemakkelijk
nl_rhasspy_43|hij weet zeker dat de ierse republiek neutraal is
nl_rhasspy_430|en dan nu uw vragen
nl_rhasspy_431|je kan twee antwoorden aankruisen
nl_rhasspy_432|je kunt hier voor een aanvaardbare prijs eten
nl_rhasspy_433|de uitslag van deze stemming was duidelijk
nl_rhasspy_434|ik had toen niet graag geleefd zegt hij eerlijk
nl_rhasspy_435|las ik niet iets in die aard
nl_rhasspy_436|ik kom er wel toe ooit
nl_rhasspy_437|ik heb een akelig gevoel
nl_rhasspy_439|en dan is dé dag aangebroken
nl_rhasspy_44|goed programma dat goed op elkaar aansluit
nl_rhasspy_441|ben je aan het gluren naar mama
nl_rhasspy_442|zijn dat er nu echt zo veel
nl_rhasspy_443|we hebben deze zaken voor zover mogelijk geautomatiseerd
nl_rhasspy_444|mama hoe begin ik aan die taak
nl_rhasspy_445|hij ligt goed in de hand is licht en dun en is snel
nl_rhasspy_446|en dan nog de vraag waarom
nl_rhasspy_447|niet omdat het geen mooi boek is
nl_rhasspy_448|waarom zeur ik er dan zo over
nl_rhasspy_449|de rijkdom zit in ons hart
nl_rhasspy_45|haal ze van me af haal ze van me af
nl_rhasspy_450|hoi romy ten eerste gefeliciteerd met je moeder
nl_rhasspy_451|ruimte nodig voor uw gezin
nl_rhasspy_452|in dit scherm kunt u meteen de beoordeling aangeven
nl_rhasspy_453|weet jij hoe je dit slim aanpakt
nl_rhasspy_454|of je kunt de verzekering niet afsluiten
nl_rhasspy_455|voor altviool en piano of orgel niet voor bugel
nl_rhasspy_456|en niet zo gemakkelijk te beantwoorden
nl_rhasspy_457|wie goed doet goed ontmoet
nl_rhasspy_458|hoewel je me nog steeds niet aankijkt weet je dat ik naar je kijk
nl_rhasspy_459|ik zou dit bedrijf zonder meer aanraden
nl_rhasspy_46|alles is mogelijk in eindhoven
nl_rhasspy_460|waar zit nu die etiquette
nl_rhasspy_461|wie anders zou dat moeten doen
nl_rhasspy_462|neem de hele ui weg
nl_rhasspy_463|je zou zeggen eerlijk is eerlijk
nl_rhasspy_464|maar dat ging ook niet zonder aangrijpingspunt
nl_rhasspy_465|je moestuin ziet er geweldig uit
nl_rhasspy_466|dit kan dus geen verrassing zijn
nl_rhasspy_467|en dan moet een mens eerlijk nee antwoorden
nl_rhasspy_468|waar leeft u eigenlijk voor
nl_rhasspy_469|maar de uitslag komt er snel aan
nl_rhasspy_47|dat vond ik zo erg
nl_rhasspy_470|het zou eigenlijk niet nodig moeten zijn
nl_rhasspy_471|kunt u gemakkelijk vinden wat u zoekt
nl_rhasspy_472|u leest er meer over op de pagina advies
nl_rhasspy_473|maar dat vonden ze geen argument
nl_rhasspy_474|ik zie nu pas dat mensen nog vragen stellen over mijn casus
nl_rhasspy_475|els is echt een sociaal mens
nl_rhasspy_476|we doen mee aan dit systeem
nl_rhasspy_477|wist je dat de sauna dé finse manier van ontspannen is
nl_rhasspy_478|hij valt dus mooi over een tweepersoonsbed
nl_rhasspy_479|af en toe zal er ook nog een bui vallen
nl_rhasspy_48|je moet een beetje toon kunnen houden
nl_rhasspy_480|dan is deze job wat je zoekt
nl_rhasspy_481|geen ruzie met de lampjes en alleen rode kerstversiering
nl_rhasspy_482|afspraak is afspraak en wie a zegt moet b zeggen
nl_rhasspy_483|dat bleek enorm goed te gaan
nl_rhasspy_484|je hebt daar veel steun aan
nl_rhasspy_485|dan komt de figuur in beweging
nl_rhasspy_486|of je nu jong oud dik of dun bent
nl_rhasspy_487|passend bij wie je bent
nl_rhasspy_489|welke voeding kies je wanneer
nl_rhasspy_49|zeker in de randstad is dat niet te doen
nl_rhasspy_490|vervolgens greep de politie in
nl_rhasspy_492|dit kan bewust of onbewust gebeuren
nl_rhasspy_493|nee zegt ze die ken ik niet
nl_rhasspy_495|en kocht u een andere klapstoel
nl_rhasspy_496|het laat zich goed buigen
nl_rhasspy_497|een feest voor het hele gezin
nl_rhasspy_498|ik heb dat ding één keer gedragen en er is niet veel meer van over
nl_rhasspy_499|nee verkopen doet hij liever niet
nl_rhasspy_5|bleek ze klein te zijn joh haha
nl_rhasspy_50|ik ga er zeker niet eten
nl_rhasspy_500|wij gaan echter nog verder
nl_rhasspy_501|buik van streek moe slapjes
nl_rhasspy_502|en ik leef van pauze naar pauze
nl_rhasspy_503|en ja hoor dat werkt
nl_rhasspy_504|maar weet je niet meer van wie
nl_rhasspy_505|ga dan voor een vakantiebaan in ede
nl_rhasspy_506|ze is wel eens moe geeft ze toe
nl_rhasspy_508|niet dat er geen controle op de macht hoeft te zijn
nl_rhasspy_509|eind goed al goed dus
nl_rhasspy_51|ben jij per direct beschikbaar
nl_rhasspy_510|iedere situatie en ieder kind is uniek
nl_rhasspy_511|het zal haar deugd doen
nl_rhasspy_512|dat zeer jeugdige kinderen daartoe niet in staat zijn is duidelijk
nl_rhasspy_513|het is dé tijd van gezelligheid en lekker eten
nl_rhasspy_514|de oerknal zullen we daar echter niet vinden
nl_rhasspy_515|welke rol speelt voeding hierin
nl_rhasspy_516|geen idee of ik het nog kan
nl_rhasspy_517|wij verdiepen ons in uw situatie en adviseren u op maat
nl_rhasspy_518|de ijsvogel kan zich daar nestelen
nl_rhasspy_519|waar uw kind thuis is
nl_rhasspy_52|alleen aan data heb je niets
nl_rhasspy_520|en dat was geen kleinigheid
nl_rhasspy_521|in welke staat is de accu
nl_rhasspy_522|alles is goed aan dit museum
nl_rhasspy_523|een week later is de bank failliet
nl_rhasspy_524|en dat is mooi voor jullie maar ook leuk voor ons
nl_rhasspy_525|uniek met eigen foto of tekst
nl_rhasspy_526|het politiedossier geeft geen eenduidig antwoord
nl_rhasspy_527|geen idee hoe ik dat moet doen
nl_rhasspy_528|oud worden moet tenslotte wel leuk zijn
nl_rhasspy_529|degene die dat doet hoef ik er niet op aan te spreken omdat die man niet aanspreekbaar is
nl_rhasspy_53|ook binnen een gezin doet elk kind dat op zijn eigen manier
nl_rhasspy_530|meer weten over dit initiatief
nl_rhasspy_531|nee ben je boos en oud
nl_rhasspy_533|ik hoop dat u mij kunt helpen
nl_rhasspy_534|zou het dan vandaag lukken
nl_rhasspy_535|vind hier vele varianten en kleuren
nl_rhasspy_536|ik wist dat mijn vader het niet zou overleven
nl_rhasspy_537|ik vind dat een mooi gebaar
nl_rhasspy_538|focus daar je verhaal op
nl_rhasspy_539|een aanwinst voor uw zaak
nl_rhasspy_54|oké oké je laat het voor deze keer
nl_rhasspy_540|en dat kunnen wij niet zonder uw hulp
nl_rhasspy_541|plan je vakantie in friesland
nl_rhasspy_542|volgens mij moest je er om lachen
nl_rhasspy_543|mijn mening is dan ook onveranderd
nl_rhasspy_544|dan lees je op deze pagina hoe dat moet
nl_rhasspy_545|de finse wegen lopen meestal door de bossen
nl_rhasspy_546|een verhaaltje over de kinderen
nl_rhasspy_547|af en toe eet je iets omdat je het lekker vindt
nl_rhasspy_548|auto uit en naar binnen maar
nl_rhasspy_549|de vijfde kaart moet je aan jezelf geven
nl_rhasspy_55|maar ik denk inderdaad niet dat dat hebreeuws zal zijn
nl_rhasspy_550|maar hoe begin je er aan
nl_rhasspy_551|zo dacht haar grootvader er al over
nl_rhasspy_552|bijna met mijn mama op vakantie
nl_rhasspy_553|voor een moeder is haar gezin alles
nl_rhasspy_554|u weet niet welke maat te bestellen
nl_rhasspy_555|nee u kunt direct beginnen
nl_rhasspy_556|wij willen dat mama altijd bij ons is
nl_rhasspy_557|dan maak je van je woning een kunstwerk
nl_rhasspy_558|omdat je het alleen zijn beu bent
nl_rhasspy_559|maar nu zijn we best wel moe eigenlijk
nl_rhasspy_56|zeer zeker ook na uw aankoop
nl_rhasspy_560|met zorg voor het milieu dus
nl_rhasspy_561|de abdij staat te koop
nl_rhasspy_562|zorg ervoor dat uw auto u niet in de kou laat staan
nl_rhasspy_563|was het voor de herneming
nl_rhasspy_565|ik denk na over eten
nl_rhasspy_566|het was zijn eigen schuld
nl_rhasspy_567|welk bestand moet ik nu aanpassen
nl_rhasspy_568|omdat het hoort bij de leeuw
nl_rhasspy_569|nee ze waren lekker actief
nl_rhasspy_57|tel daarbij de politie-uren
nl_rhasspy_570|van scheuren in de wand valt iets te leren
nl_rhasspy_571|je leest er meer over in dit artikel
nl_rhasspy_572|niet handig kan ik je zeggen
nl_rhasspy_573|om er een paar van onlangs te noemen
nl_rhasspy_574|laat uw licht dus schijnen in mijn duisternis
nl_rhasspy_575|is er een theoretisch examen
nl_rhasspy_576|en waarom mag niet elk europees land meedoen
nl_rhasspy_577|er stond een vrouw op een ladder
nl_rhasspy_578|vind je dat geen grappig woord
nl_rhasspy_579|meestal ontstaat schade aan je auto ook zonder dat jij daar iets aan kan doen
nl_rhasspy_58|erg veel muziek en karaoke tot s morgens vroeg
nl_rhasspy_580|ik laat me hierin leiden door mijn nieuwsgierigheid
nl_rhasspy_581|moe waren de dames zeker dat is wel duidelijk
nl_rhasspy_582|hoe wij dit bereiken leest u op deze pagina
nl_rhasspy_583|u bent niet in vorm
nl_rhasspy_584|dat eeuwig gevoel van liefde
nl_rhasspy_585|de inhoud is bij voorkeur niet commercieel
nl_rhasspy_586|je hebt nog mazzel gehad met dat treinverkeer
nl_rhasspy_587|ook dit kan handig zijn in het gangpad
nl_rhasspy_588|nu is de kerkdeur wel open
nl_rhasspy_589|kies dan voor een hoger abonnement
nl_rhasspy_59|zorg voor koffie thee en iets lekkers dat je kan oppeuzelen
nl_rhasspy_590|het hele geintje werkt dus niet
nl_rhasspy_591|vul alle gegevens in en maak uw bestelling af
nl_rhasspy_592|jezelf proberen te kennen jezelf proberen te begrijpen
nl_rhasspy_593|ik ben wie ik ben
nl_rhasspy_594|toch is de controle aangekondigd
nl_rhasspy_595|je zou er in kunnen verdwalen
nl_rhasspy_596|ze vinden ze erg gaaf en handig
nl_rhasspy_597|dat zou uniek zijn in de geschiedenis van de senaat
nl_rhasspy_598|na een klein half uur zit je dan al in de bossen
nl_rhasspy_599|waarom andere sloten en sleutels
nl_rhasspy_6|dit mag u niet missen
nl_rhasspy_60|en goed voor het milieu ook
nl_rhasspy_600|je kan er veel mee aanpassen
nl_rhasspy_601|ze af en toe corrigeren kan ook geen kwaad
nl_rhasspy_602|je mag komen zoals je bent
nl_rhasspy_603|in veel gevallen handelen wij automatisch
nl_rhasspy_604|dit zijn insuline en glucagon
nl_rhasspy_605|ik leg het u uit
nl_rhasspy_606|vul dan het aanvraagformulier lidmaatschap in
nl_rhasspy_607|mijn lief en ik wonen nu een dik jaar in ons huisje in zagreb
nl_rhasspy_609|dat u uw mening laat horen
nl_rhasspy_610|je doet het goed en bent sterk en moedig
nl_rhasspy_611|een mooi jong en creatief bedrijf
nl_rhasspy_612|wat super goed is trouwens
nl_rhasspy_614|een gevoel dat er iets is dat de mens nu zou moeten doen
nl_rhasspy_615|bijna tien jaar waren er in algiers geen aanslagen
nl_rhasspy_616|een rijkdom die zoals alle rijkdom relatief is
nl_rhasspy_617|de woning is eigendom van de vrouw
nl_rhasspy_618|de verf laat zich gemakkelijk verwerken
nl_rhasspy_62|wie ben jij en waar sta jij voor
nl_rhasspy_620|ze knikken meestal altijd of zeggen ja en nee
nl_rhasspy_621|in de brief staat hoe u dat kunt doen
nl_rhasspy_622|denk niet te veel na over de verandering
nl_rhasspy_623|dit keer voor controle en om te bespreken hoe nu verder
nl_rhasspy_624|de volgende keer zijn ze te oud
nl_rhasspy_625|meer controle zou voor de hand hebben gelegen
nl_rhasspy_627|bestel hier uw papieren abonnement
nl_rhasspy_628|scheelt dus niet zo veel valt reuze mee
nl_rhasspy_629|hoe kan je dat gezicht zien zonder mededogen en zelfs liefde te voelen
nl_rhasspy_63|hallo eerste week van september
nl_rhasspy_630|nog nooit hebt u voor uw euro zo veel gekregen
nl_rhasspy_631|de euro wordt minder waard
nl_rhasspy_632|of de printer ook naar europa komt is nog niet bekend
nl_rhasspy_633|dat komt door de zandgrond
nl_rhasspy_634|af en toe een winkel in
nl_rhasspy_635|dat komt door de vervuiling
nl_rhasspy_636|ziet er wel heel erg grappig uit
nl_rhasspy_637|de golven en branding kwamen steeds dichterbij
nl_rhasspy_638|plaats de andere kant van de mal er boven op
nl_rhasspy_639|de andere twee zitten nog vast
nl_rhasspy_64|dat zijn wij eigenlijk altijd gebleven
nl_rhasspy_640|laat je dan niet in het ootje nemen
nl_rhasspy_641|zo eerlijk bent u wel
nl_rhasspy_642|dit is de aangifte van verhuizing
nl_rhasspy_643|meld je niet op het laatste nippertje af
nl_rhasspy_644|wat zeg je nu eigenlijk
nl_rhasspy_645|heeft u zich gerealiseerd wie eigenlijk aansprakelijk is voor welke lasten
nl_rhasspy_646|ik sluit mij er bij aan
nl_rhasspy_647|de rest neemt dit idee ook over
nl_rhasspy_648|maar dan wou hij wel informatie hebben
nl_rhasspy_649|en zo is de cirkel rond
nl_rhasspy_650|meubilair zag er oud en op uit maar de kamer zelf was wel erg schoon
nl_rhasspy_651|het gaat er niet om wat een verkoper zelf bijzonder vindt aan de woning
nl_rhasspy_652|hoe komt lucht in je longen
nl_rhasspy_653|drie twee één start
nl_rhasspy_654|je voelt je hier geen nummer
nl_rhasspy_655|beter dan wie ook
nl_rhasspy_656|heus ik kijk echt uit om iedereen terug te zien
nl_rhasspy_657|als je toch bezig bent
nl_rhasspy_658|maar ja dat is toch een beetje wij van wc eend adviseren wc eend
nl_rhasspy_659|voor de laatste keer op de boot een douche nemen
nl_rhasspy_66|de hoeveelheid past zich automatisch aan
nl_rhasspy_660|de fiets van betrokkene lag er nog
nl_rhasspy_661|ik denk dat ik dit ga aanpassen
nl_rhasspy_662|thuis hebben ze geen computer alleen op school kan hij een computer gebruiken
nl_rhasspy_663|ze zijn niet uw eigendom
nl_rhasspy_664|de aard van het werk en de manier van aanpak werd helemaal anders
nl_rhasspy_665|maar nee het was geen collega
nl_rhasspy_666|wij werken hem graag voor u uit
nl_rhasspy_667|of wat nu als dat nog eens heel lang op zich zou laten wachten
nl_rhasspy_668|wie en wat is nederland
nl_rhasspy_669|dat hangt af van uw gezicht maar ook van uw lengte
nl_rhasspy_67|dat zijn mensen in beweging jij zit op dat moment in stilte
nl_rhasspy_670|nodig je familie uit
nl_rhasspy_671|het is waar u behoefte aan hebt
nl_rhasspy_672|we helpen je graag op weg
nl_rhasspy_673|dan kun jij dit aangeven bij je visagist
nl_rhasspy_674|verder zou ik zeker niet gaan eten bij toko oen
nl_rhasspy_675|maar ik voel mij toch het meest thuis in nederland
nl_rhasspy_676|mijn collega zei het voelt niet lekker
nl_rhasspy_677|een likdoorn op uw tenen
nl_rhasspy_678|evenwichtig ruimte en richting geven
nl_rhasspy_679|uw europa heeft het antwoord
nl_rhasspy_68|ik maakte mijn melding en moest vervolgens mijn naam en adres opgeven
nl_rhasspy_680|wauw één jaar
nl_rhasspy_681|je speelt nu het spel royal rush
nl_rhasspy_682|ook ging hij uit van twintig mensen in plaats van tachtig
nl_rhasspy_683|deze kerk is verbluffend
nl_rhasspy_684|ga eens buikdansen om in je lichaam te komen
nl_rhasspy_686|ik eet graag chocola
nl_rhasspy_687|ja en de europa cup
nl_rhasspy_688|terwijl men zes euro rekent
nl_rhasspy_689|als er bij een vraag een bijlage hoort dan staat dit in de vraag vermeld
nl_rhasspy_69|ben jij anders dan de rest
nl_rhasspy_690|ik doe eigenlijk van alles in de winkel
nl_rhasspy_691|ja zo lang is dat al geleden
nl_rhasspy_693|op de boot is het niet alleen maar luieren
nl_rhasspy_694|geen zin om mee uit te gaan
nl_rhasspy_695|ja u kunt hulp krijgen bij uw aanvraag
nl_rhasspy_696|aanmelden om dit te volgen
nl_rhasspy_697|we moeten van data eigenlijk direct informatie maken
nl_rhasspy_698|evenmin verdwijnen zij automatisch
nl_rhasspy_699|of gewoon bestel nu
nl_rhasspy_7|dan is radio mexico een aanrader
nl_rhasspy_70|het is nu eind oktober
nl_rhasspy_700|wel zo eerlijk
nl_rhasspy_701|we zijn in een coalitie en we moeten elkaar kunnen verstaan
nl_rhasspy_702|hoe is dat voor je partner
nl_rhasspy_703|doe je mee
nl_rhasspy_704|wij raden u dan ook af om met de wagen te komen
nl_rhasspy_705|gemiddeld gaat het om vijfenvijftig euro per maand
nl_rhasspy_706|om geautomatiseerd te kunnen antwoorden
nl_rhasspy_707|schitterend zo op het dak van noorwegen te staan
nl_rhasspy_708|sufheid kan optreden
nl_rhasspy_709|fietsverhuur om de hoek
nl_rhasspy_71|maar wat doet europa eigenlijk
nl_rhasspy_710|en als ie dat doet waarom zou hij dat dan bij een huis niet doen
nl_rhasspy_711|en in de pauze
nl_rhasspy_712|ze huren nu een aanleunwoning
nl_rhasspy_713|het zag er helemaal gaaf uit
nl_rhasspy_714|zoals tandpasta ijs en soep
nl_rhasspy_715|aanpassen is een must
nl_rhasspy_716|eenvoudig zelf te maken je moet alleen wat geduld hebben
nl_rhasspy_717|altijd leuk om te lezen hoe het met jullie gaat
nl_rhasspy_718|vaak heeft u het zelf niet in de gaten slijtage van remmen gaat geleidelijk
nl_rhasspy_719|dichtbij u in de buurt
nl_rhasspy_72|leuk hoor die introductie eind juni
nl_rhasspy_720|de koffie staat altijd voor u klaar
nl_rhasspy_721|oké enorm gechargeerd
nl_rhasspy_722|dit helpt het vaartuig uiteindelijk vooruit
nl_rhasspy_723|of ken jij collega's die hier actief mee bezig zijn
nl_rhasspy_724|wat zegt onze expert
nl_rhasspy_725|doe je ogen dicht en sta jezelf toe om te ontspannen
nl_rhasspy_726|het was vast pure jaloezie
nl_rhasspy_727|hoe anders was het vroeger
nl_rhasspy_728|ik wil dat ze gewoon na elkaar gebeuren
nl_rhasspy_729|het kan moeilijk zijn om daar mee om te gaan
nl_rhasspy_73|daarbij is er ruimte en tijd voor gesprek
nl_rhasspy_730|toen dacht ik nee
nl_rhasspy_731|fietsverhuur in de straat
nl_rhasspy_732|en nu ben ik moe
nl_rhasspy_733|niet goed voor de lijn maar o zo lekker die koemelk
nl_rhasspy_734|sterk dat wel maar lauw bezweet
nl_rhasspy_735|toch denk ik dat promotie heel lastig wordt
nl_rhasspy_736|nee eigenlijk niet
nl_rhasspy_737|heb nog geen manier gevonden om in de douche ook alle haren weg te scheren
nl_rhasspy_738|dat zou ik morgen even na moeten vragen
nl_rhasspy_739|ja zeker hoor
nl_rhasspy_74|soms ben ik net te laat met de zakdoek
nl_rhasspy_740|dit nummer gaat ook wel
nl_rhasspy_741|hoe is het nu met jullie
nl_rhasspy_742|en ten tweede waar willen wij met elkaar naar toe
nl_rhasspy_743|wij kunnen dan altijd je bestelling aanpassen of annuleren
nl_rhasspy_744|als u aanvullende informatie hebt dan is die altijd welkom
nl_rhasspy_745|hoe gaat het met je
nl_rhasspy_746|hij neemt er een paar uit het zakje en eet ze op
nl_rhasspy_747|sluit nauw aan
nl_rhasspy_748|ja zo lust ik nog wel een
nl_rhasspy_749|zij helpen u graag met al uw vragen zodat u snel verder kunt
nl_rhasspy_75|je kan dan een idee uit je buurt steunen
nl_rhasspy_750|met al onze reizen door europa
nl_rhasspy_751|of u nog wat wil geven voor de fanfare
nl_rhasspy_752|en als hij dan vraagt welke mayo zeg ik mayonaise
nl_rhasspy_753|zij kunnen heel moeilijk een baan vinden
nl_rhasspy_754|automatisch open je je mond een beetje
nl_rhasspy_755|is hij wel de koning
nl_rhasspy_756|en die duif kan praten
nl_rhasspy_757|mooi duurzaam meubilair is niet lelijk
nl_rhasspy_758|de geest heeft dan altijd controle en geeft je alle bevelen om te overleven
nl_rhasspy_759|die moeten gewoon betalen en niet zeuren
nl_rhasspy_760|beetje saai dus
nl_rhasspy_761|grote kans dat je haar daar vindt
nl_rhasspy_762|ik zei dat ik zou willen zeggen goed maar dat ik dan zou liegen
nl_rhasspy_763|hoe europees ben jij
nl_rhasspy_764|zo weet u altijd hoe uw systeem ervoor staat
nl_rhasspy_765|urnen maken daar wil ze in verder
nl_rhasspy_766|in blauw en grijstinten
nl_rhasspy_767|wanneer maakt u tijd vrij voor uw aankopen of voor alle administratie
nl_rhasspy_768|ik was al vele jaren het huis uit
nl_rhasspy_769|bent u wat later
nl_rhasspy_77|bijzonder overnachten in een wijnvat
nl_rhasspy_770|gemakkelijk is dat niet
nl_rhasspy_771|en maak jij ook wel eens muesli
nl_rhasspy_773|dus ook voor wie een beperking heeft
nl_rhasspy_774|niet zo janken
nl_rhasspy_775|aanpassen van de naam heeft dus geen effect op de werking van het formulier
nl_rhasspy_776|dit alles in het belang van de jeugdigen
nl_rhasspy_777|ik heb een schuld
nl_rhasspy_778|het heeft me toen mijn leven terug gegeven
nl_rhasspy_779|u kunt hem gemakkelijk bereiken
nl_rhasspy_78|maar je hebt zeker een punt
nl_rhasspy_780|inmiddels staat het sein weer op groen
nl_rhasspy_781|het is voorzien van plexiglas dus niet breekbaar
nl_rhasspy_782|ik hoef ook geen leespauze om die verklaring te lezen
nl_rhasspy_783|bestelling aanpassen of annuleren
nl_rhasspy_784|nee ook dat gebeurde niet
nl_rhasspy_785|dank voor de goede organisatie
nl_rhasspy_786|hij is een ware specialist
nl_rhasspy_787|ben je moe of heb je honger
nl_rhasspy_788|dit doet hen deugd
nl_rhasspy_789|nee zeker niet
nl_rhasspy_790|zie trouwens de pagina waar zijn we nu
nl_rhasspy_791|als het goed gaat maak je een mooi rendement
nl_rhasspy_792|met kerstmuziek dus
nl_rhasspy_793|hoop snel weer terug te komen
nl_rhasspy_794|met deze presentatie ga je veel vogels leren kennen
nl_rhasspy_795|wie heeft iets gehoord of gezien die nacht
nl_rhasspy_796|die boeken zijn terecht gekomen bij willem tempel die daar nog wel wat in zag
nl_rhasspy_797|dan hebben wij dé plek voor je
nl_rhasspy_798|doe maar gewoon en zo
nl_rhasspy_799|ze hebben hun filosofie in drie zinnen geformuleerd
nl_rhasspy_8|deze vinden plaats na zeven uur
nl_rhasspy_80|dus voor iedereen die overdag nooit kan is dit dé kans
nl_rhasspy_800|een opdracht wordt pas aanvaard nadat een offerte is uitgebracht
nl_rhasspy_801|ze gaan er meer alcohol door drinken
nl_rhasspy_802|is het vrijdag zaterdag of zondag
nl_rhasspy_803|ben jij flexibel beschikbaar vanaf begin juni
nl_rhasspy_804|loop maar eens in een flink tempo vijf keer de trap op en af
nl_rhasspy_805|pas op met uw planning
nl_rhasspy_806|ik kan je amper volgen
nl_rhasspy_808|het is je eigen keus is het je waard
nl_rhasspy_809|het is en blijft maatschappelijk eigendom
nl_rhasspy_81|ik vind je buik prachtig
nl_rhasspy_810|heel bijzonder en wat hebben jullie een geduld moeten hebben en nog steeds
nl_rhasspy_811|uw jurk waait dan niet meer weg
nl_rhasspy_812|om uit te vinden en opnieuw uit te vinden
nl_rhasspy_813|ik zou er het geduld niet voor hebben
nl_rhasspy_814|zo groot is de stad utrecht nu ook weer niet
nl_rhasspy_815|mocht je hier hulp bij willen dan kan je altijd bij ons terecht
nl_rhasspy_816|en ik voel me er ook niet rot bij
nl_rhasspy_817|ah daar ben je dan
nl_rhasspy_818|snel de fietsen van het dak en alle bagage uit de volgauto
nl_rhasspy_819|u moet uw administratie aanpassen
nl_rhasspy_82|grote kans dat jij dé jurk hebt gevonden
nl_rhasspy_820|u moet niet
nl_rhasspy_821|wie zoekt gij
nl_rhasspy_822|zo heeft uw kind het nooit te koud
nl_rhasspy_823|we hopen dat ze nog lang bij onze fanfare muziek blijven maken
nl_rhasspy_824|een hele uitdaging dus
nl_rhasspy_825|er is nog een andere reden om over de voetgangersbrug te gaan
nl_rhasspy_826|en dat je daar verhalen hoort over hoe het daar is
nl_rhasspy_827|en ze speelt heel enthousiast
nl_rhasspy_828|ik maak er gewoon zelf zo één
nl_rhasspy_829|dit meetinstrument is snel en eenvoudig in gebruik
nl_rhasspy_83|vindt u onze tractor en onze hobby ook leuk
nl_rhasspy_830|tim is niet moe maar heeft het ook wel gehad
nl_rhasspy_831|na-apen is ook leuk
nl_rhasspy_832|als het ook nog geluid maakt zal het een grote aantrekkingskracht tot je baby hebben
nl_rhasspy_833|hoe absurd kan het zijn
nl_rhasspy_834|oeps twaalf jaar
nl_rhasspy_835|de zelfgemaakte soep was geweldig
nl_rhasspy_836|waarom dat is ga ik proberen uit te leggen
nl_rhasspy_837|de stad is al zo oud
nl_rhasspy_838|ze zijn verplicht die europees aan te besteden
nl_rhasspy_839|zoekend naar troost wie troost mij
nl_rhasspy_84|dan zijn wij uw alternatief
nl_rhasspy_840|zodra ik meer heb dan laat ik je dat weten
nl_rhasspy_841|de regering heeft aangekondigd om met een plan van aanpak te komen
nl_rhasspy_842|uw rijbewijs blijft dan geldig
nl_rhasspy_843|neem contact op voor meer informatie over de mouterij
nl_rhasspy_844|het gaat om een schuur die is aangebouwd
nl_rhasspy_845|alleen god kan dat doen
nl_rhasspy_846|men kan ieder soort geschenk geven zoals geld of voedsel
nl_rhasspy_847|laat het ons weten als u op vakantie gaat
nl_rhasspy_848|maar het is wel erg mooi
nl_rhasspy_849|als je vandaag een verhoging aanvraagt bij ben gaat deze morgen al in
nl_rhasspy_85|mijn zus is lui en wil altijd slapen
nl_rhasspy_850|dit alles is in een handomdraai in te stellen voor iedere gebruiker
nl_rhasspy_851|dank dank aan iedereen die de moeite nam me daar meer informatie over te sturen
nl_rhasspy_852|en met wie en hoe
nl_rhasspy_853|we zien in de agenda veel aanknopingspunten waar wij graag onze bijdrage aan leveren
nl_rhasspy_854|zijn er dan toch zinnen die wel werken
nl_rhasspy_855|man vrouw oud of jong iedereen is welkom
nl_rhasspy_856|andere dagen eet je chips drink je bier en lig je lui op de bank
nl_rhasspy_857|ik voelde me zo oud en depressief echt rot
nl_rhasspy_858|doe het graag zo eerlijk mogelijk
nl_rhasspy_859|mijn vader is zeer op haar gesteld
nl_rhasspy_86|ze zou zich moeten schamen
nl_rhasspy_860|als je pc zegt dat er te weinig geheugen is dan is dat ook zo
nl_rhasspy_861|steeds in overleg met u
nl_rhasspy_862|mijn geheugen laat me een beetje in de steek geloof ik
nl_rhasspy_863|ik mag weer lopen
nl_rhasspy_864|je bent representatief en commercieel ingesteld
nl_rhasspy_865|denk bijvoorbeeld aan moe zijn geen zin hebben het is slecht weer enzovoort
nl_rhasspy_866|zo ja wat kan ik er tegen doen
nl_rhasspy_867|nee ook niet omdat je dan beter vindbaar bent
nl_rhasspy_868|dus hoort hij ook hier
nl_rhasspy_869|eigendom hoort absoluut te zijn
nl_rhasspy_870|wie het weet mag het zeggen
nl_rhasspy_871|er kan altijd nog meer bij
nl_rhasspy_872|ik mag ook al mee lekker wandelen naar het park en langs de rivier
nl_rhasspy_873|dat kwam in het programma goed tot uiting
nl_rhasspy_874|wil jij graag winnen
nl_rhasspy_875|u moet er zelf nog heet water bij doen en goed schudden
nl_rhasspy_876|wist u dat u uw bestelling van deur tot deur kunt volgen
nl_rhasspy_877|hoe moet dat gezin aan de kost komen
nl_rhasspy_878|kostprijs zes miljoen euro
nl_rhasspy_879|vragen of gewoon nieuwsgierig
nl_rhasspy_88|kortom een woning uniek in zijn soort
nl_rhasspy_880|bij het hotel is er een fietsverhuur
nl_rhasspy_881|wij proberen dan binnen twee dagen contact met u op te nemen
nl_rhasspy_882|hoe bijzonder wil je het hebben
nl_rhasspy_883|dit was niet wat je wou
nl_rhasspy_884|normaal zijn we niet zo eerlijk
nl_rhasspy_885|de aanhouder wint
nl_rhasspy_886|dat doet de gemiddelde duitse herder hem niet na
nl_rhasspy_887|nu jullie nog
nl_rhasspy_888|bye bye basisschool
nl_rhasspy_889|en wat een toffe vrouw is roos
nl_rhasspy_89|je leert om geduldig te zijn
nl_rhasspy_890|om je weer te laten genieten in plaats van er bang voor te zijn
nl_rhasspy_891|europa is mooi
nl_rhasspy_892|schrijf dan op deze pagina een recensie
nl_rhasspy_893|welkom in italië
nl_rhasspy_894|lees dan gauw verder
nl_rhasspy_895|bent u altijd moe of voelt u zich overspannen
nl_rhasspy_896|en daar was niets mis mee
nl_rhasspy_897|mijn voorkeur gaat absoluut uit naar een dame die wel een gesprek kan voeren
nl_rhasspy_898|hoe stom kan hij als baas zijn
nl_rhasspy_899|eindhoven zal wezen eindhoven zal zijn
nl_rhasspy_9|mooi zoals je alles hebt gecombineerd
nl_rhasspy_90|en dus niet per se uit dat kookboek
nl_rhasspy_900|niet eens moe ging ik naar huis
nl_rhasspy_901|een boot het is eens wat anders
nl_rhasspy_902|je bent echt zo in de stad maar je woont echt buiten
nl_rhasspy_903|bagage uit de auto
nl_rhasspy_904|wij zullen uw gegevens dan ook aan niemand doorgeven
nl_rhasspy_905|waarom woon je in een boom en niet in een wolkenkrabber
nl_rhasspy_906|voor de inhoud van uw jas zijn wij niet aansprakelijk
nl_rhasspy_907|gaat u voor een wandelvakantie
nl_rhasspy_908|dit wordt dé plek
nl_rhasspy_909|in zuid-amerika is altijd wat te doen
nl_rhasspy_91|dan komt de melding uiteindelijk bij de politie terecht
nl_rhasspy_911|het spelbord wordt open gelegd
nl_rhasspy_912|dit heeft verder geen invloed op de vruchtbaarheid
nl_rhasspy_913|dus ja eigenlijk wel
nl_rhasspy_914|neem een handdoek of matje mee
nl_rhasspy_915|en een al lang lopend dossier
nl_rhasspy_916|ik was immers nog nooit in zweden
nl_rhasspy_917|dit uit zich in het lichaam in de vorm van spanning of pijn
nl_rhasspy_918|vaak telt dat wie het eerste is het gelijk automatisch op zijn hand heeft
nl_rhasspy_919|de stoelen en tafels laten aankleden
nl_rhasspy_92|de schemering valt en bijna ook mijn oogleden
nl_rhasspy_920|aarzelend zet ze een voet op de eerste tree
nl_rhasspy_921|bij betaling worden deze stilzwijgend aanvaard
nl_rhasspy_922|knus en gezellig in de loungeset
nl_rhasspy_923|en wat zou het
nl_rhasspy_924|sluit de usb-kabel goed aan
nl_rhasspy_925|ze gaan weer op stap en nemen deel aan de samenleving
nl_rhasspy_926|en daar blijft het niet bij
nl_rhasspy_927|ze doen yoga om slank fit en jong te blijven
nl_rhasspy_928|maar dat is meer dan loonkost alleen
nl_rhasspy_929|oud of jong maakt trouwens niets uit
nl_rhasspy_93|dan kunnen wij je helpen
nl_rhasspy_930|de basis voor de overwinning werd in de eerste helft gelegd
nl_rhasspy_931|een uitzonderlijk hoog percentage in italië
nl_rhasspy_932|hij zag hoe nodig dit is
nl_rhasspy_933|laat het brood buiten de oven op een rooster afkoelen
nl_rhasspy_934|het bleek te lukken
nl_rhasspy_935|het moet een verrassing zijn
nl_rhasspy_936|kortom op zee blijven tot de wind af ging nemen
nl_rhasspy_937|die zit er namelijk meteen bij
nl_rhasspy_938|en dat dan nog wel met je eigen auto
nl_rhasspy_939|doe ook eens wat
nl_rhasspy_94|het is niet duidelijk of die oud of recent is
nl_rhasspy_940|ze zeuren zo vaak en de laatste tijd maken we er zelfs ruzie over
nl_rhasspy_941|en tijd voor mij
nl_rhasspy_942|maar geen jas was perfect
nl_rhasspy_943|zet je strijkijzer op de stand wol
nl_rhasspy_944|het is een thee die ik de hele dag door zou kunnen drinken
nl_rhasspy_945|echt waarom deze kerel de sleutels van nederland nog niet gekregen heeft
nl_rhasspy_947|daarbij wordt onder andere naar europa gekeken
nl_rhasspy_948|echt een heel mooi moment met een heel leuk verhaal
nl_rhasspy_949|je kiest gewoon wat bij je past
nl_rhasspy_95|begin eraan en de rest zal volgen
nl_rhasspy_950|alles nu al besloten
nl_rhasspy_951|kies op welke manier en hoe snel
nl_rhasspy_952|u weet meteen waar u aan toe bent
nl_rhasspy_953|wij zijn heel tevreden
nl_rhasspy_954|ik ben moe van broccoli
nl_rhasspy_955|maar ik denk dat je wel een zakje voor de soep kunt gebruiken hoor
nl_rhasspy_956|hoe is de boterham met pindakaas
nl_rhasspy_957|en wat is dan zo urgent dat aanscherping nodig is
nl_rhasspy_958|om met de deur in huis te vallen nee eigenlijk kan dat niet
nl_rhasspy_959|ik leef graag hè en ik moet wat te doen hebben
nl_rhasspy_96|en ben jij ook nog eens fit
nl_rhasspy_960|en van jaloezie
nl_rhasspy_961|u kunt op deze pagina ook terecht voor het aanvraagformulier
nl_rhasspy_962|waar wij ook gaan waar wij ook staan u laat ons nooit alleen
nl_rhasspy_963|nu ja alles kan
nl_rhasspy_964|bijvoorbeeld in een kas of de garage
nl_rhasspy_965|je kunt er wijn en bier proeven maar ook chocola en kaas
nl_rhasspy_966|je hebt mijn aandacht wederom
nl_rhasspy_967|u vindt bij ons wat u zoekt
nl_rhasspy_968|als dit op uw nieuwe aanslag staat hoeft u verder niets te doen
nl_rhasspy_969|europa ligt in puin
nl_rhasspy_97|ieder seizoen heeft zijn eigen schoonheid en geeft de streek haar eigen aanblik
nl_rhasspy_970|wat vond je van de hoeveelheid tekst op deze pagina
nl_rhasspy_971|gewoon per zakje verpakt
nl_rhasspy_972|hierdoor hoef je op de dag zelf geen geld meer mee te nemen
nl_rhasspy_973|dat willen ze vast zo houden of sterk verbeteren
nl_rhasspy_974|vroeger was dit eigendom van de abdij
nl_rhasspy_975|wie weet zullen wij het in nederland ook nog wel krijgen
nl_rhasspy_976|op maandag is de zaak gesloten
nl_rhasspy_977|maakt het uit als hij er toch nooit komt
nl_rhasspy_978|altijd een moe gevoel
nl_rhasspy_979|smeuïg is ie zeker
nl_rhasspy_98|welk meisje wil deze fiets nu niet
nl_rhasspy_980|ik vind hem echt super
nl_rhasspy_981|dat zou ik ook willen leren
nl_rhasspy_982|wat is een boom eigenlijk
nl_rhasspy_983|bent u ook nieuwsgierig geworden
nl_rhasspy_984|beu om in het donker in en uit je auto te stappen
nl_rhasspy_985|luieren aan dek en erg veel gezien
nl_rhasspy_986|bomen die lekker bewegen echt gaaf
nl_rhasspy_987|jong oud man of vrouw iedereen is welkom
nl_rhasspy_988|ze zijn daar heel handig mee
nl_rhasspy_989|hij geeft me opnieuw het zakje aan
nl_rhasspy_99|waar is de verzekering geldig
nl_rhasspy_990|ik was eigenlijk te jong om mee te doen
nl_rhasspy_991|zo lang ik me kan herinneren ging de camera altijd met opa mee op pad
nl_rhasspy_992|uw woning aanpassen
nl_rhasspy_993|niet te lang stilstaan het is koud
nl_rhasspy_994|religie speelt geen grote rol in zijn leven
nl_rhasspy_995|dit percentage is echter een gemiddelde
nl_rhasspy_996|de tint heeft geen effect op uw zicht
nl_rhasspy_997|kunt u iets niet vinden of heeft u vragen
nl_rhasspy_998|ik ken hem heel goed een smeerlap is hij
nl_rhasspy_999|wie o wie kan ons helpen
